Senaryo,Kiriş Uzunluğu (m),Yük (kN),Kesit Genişliği (cm),Kesit Yüksekliği (cm),Maksimum Moment (kNm),Maksimum Kesme (kN),Maksimum Sehim (mm)
Senaryo 1,5.0,10.0,30.0,50.0,12.5,5.0,0.28774916398953554
Senaryo 2,6.0,15.0,35.0,55.0,22.5,7.5,0.4547470064247291
Senaryo 3,7.0,20.0,40.0,60.0,35.0,10.0,0.6195941202237369
Senaryo 4,5.0,10.0,30.0,50.0,12.5,5.0,0.28774916398953554
Senaryo 5,5.0,10.0,30.0,50.0,12.5,5.0,0.28774916398953554
Senaryo 6,5.0,10.0,30.0,50.0,12.5,5.0,0.28774916398953554
